{"mean": [0.5192456841468811, 0.4181598722934723, 0.36403462290763855], "std": [0.26843833923339844, 0.24149706959724426, 0.23396240174770355]}